Pub_Pri,School Code,School,City,County/State/Country
Public,53460,FREMONT HIGH SCHOOL,Sunnyvale,Santa Clara
Public,52462,PIEDMONT HIGH SCHOOL,Piedmont,Alameda
Public,53463,LYNBROOK HIGH SCHOOL,San Jose,Santa Clara
Public,50974,AMERICAN HIGH SCHOOL,Fremont,Alameda
Public,53096,PIONEER HIGH SCHOOL,San Jose,Santa Clara
Public,51476,ROBERT A MILLIKAN HIGH SCHOOL,Long Beach,Los Angeles
Public,50718,CUPERTINO HIGH SCHOOL,Cupertino,Santa Clara
Public,53906,ANN SOBRATO HIGH SCHOOL,Morgan Hill,Santa Clara
Public,53204,MIDDLE COLLEGE HIGH SCHOOL,San Pablo,Contra Costa
Public,53270,PACIFIC COLLEGIATE SCHOOL,Santa Cruz,Santa Cruz
Public,53105,WILLOW GLEN HIGH SCHOOL,San Jose,Santa Clara
Public,50666,NORTHGATE HIGH SCHOOL,Walnut Creek,Contra Costa
Public,51446,RIVER VALLEY CHARTER SCHOOL,Lakeside,San Diego
Public,51480,LONG BEACH POLYTECHNIC HS,Long Beach,Los Angeles
Public,53165,HILLSDALE HIGH SCHOOL,San Mateo,San Mateo
Public,51505,WOODROW WILSON HIGH SCHOOL,Long Beach,Los Angeles
Public,50500,CASTRO VALLEY HIGH SCHOOL,Castro Valley,Alameda
Public,52114,NEWARK MEMORIAL HIGH SCHOOL,Newark,Alameda
Public,51092,BEAR RIVER HIGH SCHOOL,Grass Valley,Nevada
Public,50170,MENLO ATHERTON HIGH SCHOOL,Atherton,San Mateo
Public,53276,ADRIAN C WILCOX HIGH SCHOOL,Santa Clara,Santa Clara
Public,52826,MT EVEREST ACADEMY,San Diego,San Diego
Public,52810,CAPUCHINO HIGH SCHOOL,San Bruno,San Mateo
Public,50290,BERKELEY HIGH SCHOOL,Berkeley,Alameda
Public,52282,MIRAMONTE HIGH SCHOOL,Orinda,Contra Costa
Public,53098,SAN JOSE HIGH SCHOOL,San Jose,Santa Clara
Public,50410,BURLINGAME HIGH SCHOOL,Burlingame,San Mateo
Public,54364,CHRISTOPHER HIGH SCHOOL,Gilroy,Santa Clara
Public,52075,MOUNTAIN VIEW HIGH SCHOOL,Mountain View,Santa Clara
Public,54092,CA CONNECTION ACADEMY CAPISTRANO,San Juan Capistrano,Orange
Public,53466,MONTA VISTA HIGH SCHOOL,Cupertino,Santa Clara
Private,54056,MARANATHA CHRISTIAN SCHOOLS,San Diego,San Diego
Public,53344,PROSPECT HIGH SCHOOL,Saratoga,Santa Clara
Public,53462,HOMESTEAD HIGH SCHOOL,Cupertino,Santa Clara
Public,50659,COLLEGE PARK HIGH SCHOOL,Pleasant Hill,Contra Costa
Public,51984,UNIVERSITY HIGH SCHOOL,Irvine,Orange
Public,51510,LOS ALTOS HIGH SCHOOL,Los Altos,Santa Clara
Public,53125,ARROYO HIGH SCHOOL,San Lorenzo,Alameda
Public,53092,LEIGH HIGH SCHOOL,San Jose,Santa Clara
Public,53280,SANTA CLARA HIGH SCHOOL,Santa Clara,Santa Clara
Public,50970,MISSION SAN JOSE HIGH SCHOOL,Fremont,Alameda
Public,52970,LOWELL HIGH SCHOOL,San Francisco,San Francisco
Public,52533,POWAY HIGH SCHOOL,Poway,San Diego
Public,52347,HENRY M GUNN SENIOR HIGH SCHL,Palo Alto,Santa Clara
Public,50968,IRVINGTON HIGH SCHOOL,Fremont,Alameda
Public,52951,HIGH TECH HIGH SCHOOL,San Diego,San Diego
Public,52605,SEQUOIA HIGH SCHOOL,Redwood City,San Mateo
Public,53680,LAS LOMAS HIGH SCHOOL,Walnut Creek,Contra Costa
Public,50730,DAVIS SENIOR HIGH SCHOOL,Davis,Yolo
Public,54313,HIGH TECH HIGH CHULA VISTA,Chula Vista,San Diego
Public,51082,DA VINCI CHARTER ACADEMY,Davis,Yolo
Public,51095,NEVADA UNION HIGH SCHOOL,Grass Valley,Nevada
Public,54814,DESIGN TECH HIGH SCHOOL,Redwood City,San Mateo
Public,51274,WOODBRIDGE HIGH SCHOOL,Irvine,Orange
Public,51315,ACALANES HIGH SCHOOL,Lafayette,Contra Costa
Public,54054,HIGH TECH HIGH MEDIA ARTS,San Diego,San Diego
Public,50209,CENTENNIAL HIGH SCHOOL,Bakersfield,Kern
Public,52862,MT CARMEL HIGH SCHOOL,San Diego,San Diego
Public,53229,CALIFORNIA HIGH SCHOOL,San Ramon,Contra Costa
Public,50548,PLEASANT VALLEY SR HIGH SCHOOL,Chico,Butte
Private,52330,CASTILLEJA SCHOOL,Palo Alto,Santa Clara
Public,53945,HIGH TECH HIGH INTERNATIONAL,San Diego,San Diego
Public,51030,GARDEN GROVE HIGH SCHOOL,Garden Grove,Orange
Public,52350,PALO ALTO SENIOR HIGH SCHOOL,Palo Alto,Santa Clara
Public,50196,LIBERTY HIGH SCHOOL,Bakersfield,Kern
Public,53091,LELAND HIGH SCHOOL,San Jose,Santa Clara
Public,50972,WASHINGTON HIGH SCHOOL,Fremont,Alameda
Public,51070,GLENDORA HIGH SCHOOL,Glendora,Los Angeles
Public,51968,CAPISTRANO VALLEY HIGH SCHOOL,Mission Viejo,Orange
Public,50051,SUMMIT PUBLIC SCHOOL DENALI,Sunnyvale,Santa Clara
Private,51514,THE KINGS ACADEMY,Sunnyvale,Santa Clara
Public,50270,CARLMONT HIGH SCHOOL,Belmont,San Mateo
Private,51715,MARYMOUNT HIGH SCHOOL,Los Angeles,Los Angeles
Public,50969,JAMES LOGAN HIGH SCHOOL,Union City,Alameda
Public,50035,ALBANY HIGH SCHOOL,Albany,Alameda
Public,50919,ANGELO RODRIGUEZ HIGH SCHOOL,Fairfield,Solano
Private,52741,SANTA FE CHRISTIAN SCHOOL,Solana Beach,San Diego
Private,50599,VIVIAN WEBB SCHOOL,Claremont,Los Angeles
Public,53082,BRANHAM HIGH SCHOOL,San Jose,Santa Clara
Public,51271,IRVINE HIGH SCHOOL,Irvine,Orange
Public,51346,EL CAPITAN HIGH SCHOOL,Lakeside,San Diego
Public,54406,AMERICAN CANYON HIGH SCHOOL,American Canyon,Napa
Public,50217,STOCKDALE HIGH SCHOOL,Bakersfield,Kern
Public,50400,JOHN BURROUGHS HIGH SCHOOL,Burbank,Los Angeles
Private,53142,HARKER SCHOOL,San Jose,Santa Clara
Public,51526,HIGH TECH HIGH LA,Van Nuys,Los Angeles
Public,52058,CAMPOLINDO HIGH SCHOOL,Moraga,Contra Costa
Public,51335,LA JOLLA HIGH,La Jolla,San Diego
Public,53275,SANTA BARBARA SENIOR HIGH SCHO,Santa Barbara,Santa Barbara
Public,53218,DOUGHERTY VALLEY HIGH SCHOOL,San Ramon,Contra Costa
Private,51075,SAINT LUCYS PRIORY HIGH SCHOOL,Glendora,Los Angeles
Public,54355,DOZIER-LIBBEY MEDICAL HIGH SCH,Antioch,Contra Costa
Public,50727,MONTE VISTA HIGH SCHOOL,Danville,Contra Costa
Public,52120,WILLIAM S HART HIGH SCHOOL,Newhall,Los Angeles
Public,52550,RAMONA HIGH SCHOOL,Ramona,San Diego
Public,54351,DEL NORTE HIGH SCHOOL,San Diego,San Diego
Private,53512,BISHOP MONTGOMERY HIGH SCHOOL,Torrance,Los Angeles
Public,53163,ARAGON HIGH SCHOOL,San Mateo,San Mateo
Public,51425,LIVERMORE HIGH SCHOOL,Livermore,Alameda
Private,50449,PACIFIC RIDGE SCHOOL,Carlsbad,San Diego
Public,52437,SERRANO HIGH SCHOOL,Phelan,San Bernardino
Private,53095,NOTRE DAME HIGH SCHOOL,San Jose,Santa Clara
Public,52916,BALBOA HIGH SCHOOL,San Francisco,San Francisco
Public,53808,WOODSIDE HIGH SCHOOL,Woodside,San Mateo
Public,51423,GRANADA HIGH SCHOOL,Livermore,Alameda
Public,50729,DANA HILLS HIGH SCHOOL,Dana Point,Orange
Private,52191,CALIFORNIA CROSSPOINT ACADEMY,Hayward,Alameda
Public,51538,WILLIAM AND MARIAN GHIDOTTI HS,Grass Valley,Nevada
Public,51010,FULLERTON UNION HIGH SCHOOL,Fullerton,Orange
Public,54379,WESTERN SIERRA COLLEGIATE ACAD,Rocklin,Placer
Public,53695,VALLEY CENTER HIGH SCHOOL,Valley Center,San Diego
Public,51120,HALF MOON BAY HIGH SCHOOL,Half Moon Bay,San Mateo
Private,52375,FLINTRIDGE PREPARATORY SCHOOL,La Canada,Los Angeles
Public,54353,GOMPERS PREPARATORY ACADEMY,San Diego,San Diego
Public,54194,CLASSICAL ACADEMY HIGH SCHOOL,Escondido,San Diego
Public,52238,SKYLINE HIGH SCHOOL,Oakland,Alameda
Public,52358,PALOS VERDES HIGH SCHOOL,Palos Verdes Estate,Los Angeles
Public,52145,NORTH HOLLYWOOD HIGH SCHOOL,North Hollywood,Los Angeles
Public,53033,RUTH ASAWA SCHOOL OF THE ARTS,San Francisco,San Francisco
Public,51153,MOUNT EDEN HIGH SCHOOL,Hayward,Alameda
Public,52814,SAN CLEMENTE HIGH SCHOOL,San Clemente,Orange
Public,54181,SAN JUAN HILLS HIGH SCHOOL,San Juan Capistrano,Orange
Public,51150,HAYWARD HIGH SCHOOL,Hayward,Alameda
Public,52723,MIRA LOMA HIGH SCHOOL,Sacramento,Sacramento
Public,51972,MILLS HIGH SCHOOL,Millbrae,San Mateo
Private,52435,ROBERT L STEVENSON HIGH SCHOOL,Pebble Beach,Monterey
Public,53175,SAN MATEO HIGH SCHOOL,San Mateo,San Mateo
Public,53668,RANCHO BUENA VISTA HIGH SCHOOL,Vista,San Diego
Public,52240,OAKLAND TECHNICAL HIGH SCHOOL,Oakland,Alameda
Public,51283,NORTHWOOD HIGH SCHOOL,Irvine,Orange
Public,54176,AIMS COLLEGE PREP HIGH SCHOOL,Oakland,Alameda
Public,50590,CLAREMONT HIGH SCHOOL,Claremont,Los Angeles
Public,53390,SONOMA VALLEY HIGH SCHOOL,Sonoma,Sonoma
Public,50240,BEAUMONT HIGH SCHOOL,Beaumont,Riverside
Public,52994,PHILLIP & SALA BURTON ACAD HS,San Francisco,San Francisco
Public,53953,PLEASANT GROVE HIGH SCHOOL,Elk Grove,Sacramento
Public,52870,POINT LOMA HIGH SCHOOL,San Diego,San Diego
Public,53647,BUENA HIGH SCHOOL,Ventura,Ventura
Public,52795,HIGH TECH HIGH MESA,San Diego,San Diego
Public,54643,CALIFORNIA CONNECTIONS ACD RPN,Ripon,San Joaquin
Private,53078,ARCHBISHOP MITTY HIGH SCHOOL,San Jose,Santa Clara
Public,54705,PALMDALE AEROSPACE ACADEMY,Palmdale,Los Angeles
Public,50982,CLOVIS WEST HIGH SCHOOL,Fresno,Fresno
Public,51034,PACIFICA HIGH SCHOOL,Garden Grove,Orange
Public,53595,VACAVILLE HIGH SCHOOL,Vacaville,Solano
Public,53868,MISSION HILLS HIGH SCHOOL,San Marcos,San Diego
Public,52085,NAPA HIGH SCHOOL,Napa,Napa
Public,54357,MURRIETA MESA HIGH SCHOOL,Murrieta,Riverside
Public,53381,WEST HILLS HIGH SCHOOL,Santee,San Diego
Public,52154,LAKE BALBOA COLLEGE PREP K-12,Van Nuys,Los Angeles
Public,52088,VINTAGE HIGH SCHOOL,Napa,Napa
Public,53613,STEELE CANYON HIGH SCHOOL,Spring Valley,San Diego
Public,52031,JOSEPH A GREGORI HIGH SCHOOL,Modesto,Stanislaus
Public,51650,JOHN MARSHALL HIGH SCHOOL,Los Angeles,Los Angeles
Public,54375,JOHN C KIMBALL HIGH SCHOOL,Tracy,San Joaquin
Public,51350,HELIX HIGH SCHOOL,La Mesa,San Diego
Public,53737,LA QUINTA HIGH SCHOOL,Westminster,Orange
Public,50266,PORTOLA HIGH SCHOOL,Irvine,Orange
Public,52267,CANYON HIGH SCHOOL,Anaheim,Orange
Public,53075,ABRAHAM LINCOLN HIGH SCHOOL,San Jose,Santa Clara
Public,50135,ARCATA HIGH SCHOOL,Arcata,Humboldt
Private,50157,VALLEY CHRISTIAN HIGH SCHOOL,Cerritos,Los Angeles
Public,50491,CALIFORNIA ACAD MATH & SCIENCE,Carson,Los Angeles
Public,50910,ARMIJO HIGH SCHOOL,Fairfield,Solano
Public,51267,ARNOLD O BECKMAN HIGH SCHOOL,Irvine,Orange
Public,51218,EDISON HIGH SCHOOL,Huntington Beach,Orange
Public,54663,NEW WEST CHARTER SCHOOL,Los Angeles,Los Angeles
Public,51089,JOHN F KENNEDY HIGH SCHOOL,Granada Hills,Los Angeles
Public,52600,REDONDO UNION HIGH SCHOOL,Redondo Beach,Los Angeles
Public,52694,GLEN A WILSON HIGH SCHOOL,Hacienda Heights,Los Angeles
Private,53097,PRESENTATION HIGH SCHOOL,San Jose,Santa Clara
Public,53537,NORTH TAHOE HIGH SCHOOL,Tahoe City,Placer
Public,50005,ALAMEDA HIGH SCHOOL,Alameda,Alameda
Private,52896,CATHEDRAL CATHOLIC H S,San Diego,San Diego
Public,50725,SAN RAMON VALLEY HIGH SCHOOL,Danville,Contra Costa
Public,53113,YERBA BUENA HIGH SCHOOL,San Jose,Santa Clara
Private,51565,CHAMINADE COLLEGE PREPARATORY,West Hills,Los Angeles
Public,53597,WILL C WOOD HIGH SCHOOL,Vacaville,Solano
Public,53252,DOS PUEBLOS HIGH SCHOOL,Goleta,Santa Barbara
Public,54166,VISTA DEL LAGO HIGH SCHOOL,Folsom,Sacramento
Public,50602,OTAY RANCH HIGH SCHOOL,Chula Vista,San Diego
Private,51792,SHALHEVET HIGH SCHOOL,Los Angeles,Los Angeles
Public,52728,WEST CAMPUS HIGH SCHOOL,Sacramento,Sacramento
Private,50088,SERVITE HIGH SCHOOL,Anaheim,Orange
Public,52834,SCRIPPS RANCH HIGH,San Diego,San Diego
Public,53864,WEST RANCH HIGH SCHOOL,Valencia,Los Angeles
Private,51349,SAINT JOSEPH HIGH SCHOOL,Lakewood,Los Angeles
Private,52124,SAGE HILL SCHOOL,Newport Coast,Orange
Public,53373,PONDEROSA HIGH SCHOOL,Shingle Springs,El Dorado
Private,51730,NOTRE DAME ACADEMY,Los Angeles,Los Angeles
Public,53342,SANTANA HIGH SCHOOL,Santee,San Diego
Public,50700,COVINA HIGH SCHOOL,Covina,Los Angeles
Public,50658,CLAYTON VALLEY HIGH SCHOOL,Concord,Contra Costa
Public,51224,OCEAN VIEW HIGH SCHOOL,Huntington Beach,Orange
Private,51356,PARACLETE HIGH SCHOOL,Lancaster,Los Angeles
Public,51192,COASTAL ACADEMY CHARTER,Oceanside,San Diego
Public,51508,LOS ALAMITOS HIGH SCHOOL,Los Alamitos,Orange
Private,50600,WEBB SCHOOL OF CALIFORNIA,Claremont,Los Angeles
Public,53413,EL CAMINO HIGH,South San Francisco,San Mateo
Public,53293,HARBOR HIGH SCHOOL,Santa Cruz,Santa Cruz
Public,53208,LATINO COLLEGE PREP ACADEMY,San Jose,Santa Clara
Public,53755,CALIFORNIA HIGH SCHOOL,Whittier,Los Angeles
Public,54377,KIPP SAN JOSE COLLEGIATE,San Jose,Santa Clara
Public,50692,SANTIAGO HIGH SCHOOL,Corona,Riverside
Public,51895,MIRA COSTA HIGH SCHOOL,Manhattan Beach,Los Angeles
Public,50858,LA COSTA CANYON HIGH SCHOOL,Carlsbad,San Diego
Public,54242,INDEPENDENCE HIGH SCHOOL,Bakersfield,Kern
Public,53523,TORRANCE HIGH SCHOOL,Torrance,Los Angeles
Public,51050,GLENDALE HIGH SCHOOL,Glendale,Los Angeles
Public,51978,MILPITAS HIGH SCHOOL,Milpitas,Santa Clara
Public,53103,WESTMONT HIGH SCHOOL,Campbell,Santa Clara
Public,53503,WESTLAKE HIGH SCHOOL,Westlake Village,Ventura
Public,53272,SAN MARCOS HIGH SCHOOL,Santa Barbara,Santa Barbara
Public,54303,OAKLAND CHARTER HIGH SCHOOL,Oakland,Alameda
Public,53525,TRACY JOINT UNION HIGH SCHOOL,Tracy,San Joaquin
Public,50710,JOHN SWETT HIGH SCHOOL,Crockett,Contra Costa
Public,51855,LOS GATOS HIGH SCHOOL,Los Gatos,Santa Clara
Public,50385,BURBANK SENIOR HIGH SCHOOL,Burbank,Los Angeles
Public,52705,C K MCCLATCHY HIGH SCHOOL,Sacramento,Sacramento
Public,50818,OAK RIDGE HIGH SCHOOL,El Dorado Hills,El Dorado
Public,52945,GALILEO ACAD OF SCIENCE & TECH,San Francisco,San Francisco
Public,50884,SAN PASQUAL HIGH SCHOOL,Escondido,San Diego
Private,53180,JUNIPERO SERRA HIGH SCHOOL,San Mateo,San Mateo
Public,53690,JESSE M BETHEL HIGH SCHOOL,Vallejo,Solano
Public,51060,HERBERT HOOVER HIGH SCHOOL,Glendale,Los Angeles
Public,52987,LOS OSOS HIGH SCHOOL,Rancho Cucamonga,San Bernardino
Private,52714,JESUIT HIGH SCHOOL,Carmichael,Sacramento
Public,54043,JAMES C ENOCHS HIGH SCHOOL,Modesto,Stanislaus
Public,53499,TEMECULA VALLEY HIGH SCHOOL,Temecula,Riverside
Public,50784,DUBLIN HIGH SCHOOL,Dublin,Alameda
Public,54331,CITRUS VALLEY HIGH SCHOOL,Redlands,San Bernardino
Private,53010,SAINT IGNATIUS COLLEGE PREP SC,San Francisco,San Francisco
Public,51981,MISSION VIEJO HIGH SCHOOL,Mission Viejo,Orange
Public,53262,ACADEMY OF THE CANYONS,Santa Clarita,Los Angeles
Public,53145,SAN LUIS OBISPO HIGH SCHOOL,San Luis Obispo,San Luis Obispo
Public,52665,RIVERSIDE POLY HIGH SCHOOL,Riverside,Riverside
Private,53140,MISSION COLLEGE PREP CATH HS,San Luis Obispo,San Luis Obispo
Public,52176,YOSEMITE HIGH SCHOOL,Oakhurst,Madera
Public,53120,SAN LEANDRO HIGH SCHOOL,San Leandro,Alameda
Public,52683,PALOS VERDES PENINSULA HS,Rolling Hills Estat,Los Angeles
Public,52910,ABRAHAM LINCOLN HIGH SCHOOL,San Francisco,San Francisco
Public,52618,CLEVELAND HIGH SCHOOL,Reseda,Los Angeles
Public,50579,EASTLAKE HIGH SCHOOL,Chula Vista,San Diego
Public,51369,LAGUNA HILLS HIGH SCHOOL,Laguna Hills,Orange
Private,52940,DREW SCHOOL,San Francisco,San Francisco
Private,50656,CARONDELET HIGH SCHOOL,Concord,Contra Costa
Public,51130,HANFORD HIGH SCHOOL,Hanford,Kings
Public,54654,CHULA VISTA LRNG CMNTY CHARTER,Chula Vista,San Diego
Private,53240,MATER DEI HIGH SCHOOL,Santa Ana,Orange
Public,50526,GRETCHEN WHITNEY HIGH SCHOOL,Cerritos,Los Angeles
Public,51110,GROSSMONT HIGH SCHOOL,La Mesa,San Diego
Public,53106,SANTA TERESA HIGH SCHOOL,San Jose,Santa Clara
Public,51976,PIEDMONT HILLS HIGH SCHOOL,San Jose,Santa Clara
Public,54683,LARCHMONT CHARTER SCHOOL,Los Angeles,Los Angeles
Public,51975,TAMALPAIS HIGH SCHOOL,Mill Valley,Marin
Public,53871,GOLDEN VALLEY HIGH SCHOOL,Santa Clarita,Los Angeles
Public,53608,VALENCIA HIGH SCHOOL,Valencia,Los Angeles
Private,53338,VALLEY CHRISTIAN HIGH SCHOOL,San Jose,Santa Clara
Public,53380,SIMI VALLEY HIGH SCHOOL,Simi Valley,Ventura
Public,52249,OCEANSIDE HIGH SCHOOL,Oceanside,San Diego
Public,53495,TEMPLE CITY HIGH SCHOOL,Temple City,Los Angeles
Public,53149,TESORO HIGH SCHOOL,Rancho San Margarit,Orange
Public,53502,THOUSAND OAKS HIGH SCHOOL,Thousand Oaks,Ventura
Public,53028,INDERKUM HIGH SCHOOL,Sacramento,Sacramento
Public,53087,INDEPENDENCE HIGH SCHOOL,San Jose,Santa Clara
Public,50628,CLOVIS NORTH HIGH SCHOOL,Fresno,Fresno
Public,51220,HUNTINGTON BEACH HIGH SCHOOL,Huntington Beach,Orange
Public,50581,HILLTOP HIGH SCHOOL,Chula Vista,San Diego
Public,52770,ARCHIE WILLIAMS HIGH SCHOOL,San Anselmo,Marin
Private,51752,PILGRIM SCHOOL,Los Angeles,Los Angeles
Public,54677,HILLCREST HIGH SCHOOL,Riverside,Riverside
Public,54072,OLYMPIAN HIGH SCHOOL,Chula Vista,San Diego
Public,51400,LEMOORE UNION HIGH SCHOOL,Lemoore,Kings
Public,52730,RIO AMERICANO HIGH SCHOOL,Sacramento,Sacramento
Public,54204,COSUMNES OAKS HIGH SCHOOL,Elk Grove,Sacramento
Public,50421,CALABASAS HIGH SCHOOL,Calabasas,Los Angeles
Public,51180,SAN BENITO HIGH SCHOOL,Hollister,San Benito
Public,53893,KEARNY COLLEGE CONNECTIONS,San Diego,San Diego
Public,51348,MAYFAIR HIGH SCHOOL,Lakewood,Los Angeles
Private,52836,CHRISTIAN HIGH SCHOOL,El Cajon,San Diego
Public,52572,REDLANDS EAST VALLEY HS,Redlands,San Bernardino
Private,52185,BISHOP ODOWD HIGH SCHOOL,Oakland,Alameda
Public,50015,ENCINAL HIGH SCHOOL,Alameda,Alameda
Private,52380,FLINTRIDGE SACRED HEART ACAD,La Canada,Los Angeles
Public,52546,RANCHO CUCAMONGA HIGH SCHOOL,Rancho Cucamonga,San Bernardino
Public,50472,CARLSBAD HIGH SCHOOL,Carlsbad,San Diego
Public,54764,WESTERN CENTER ACADEMY,Hemet,Riverside
Public,50618,FLOYD B BUCHANAN HIGH SCHOOL,Clovis,Fresno
Public,53099,OAK GROVE HIGH SCHOOL,San Jose,Santa Clara
Public,52536,RANCHO BERNARDO HIGH SCHOOL,San Diego,San Diego
Public,50888,ETIWANDA HIGH SCHOOL,Etiwanda,San Bernardino
Public,52858,MIRA MESA HIGH SCHOOL,San Diego,San Diego
Public,52401,PASADENA HIGH SCHOOL,Pasadena,Los Angeles
Public,53879,NORTHRIDGE ACADEMY HIGH SCHOOL,Northridge,Los Angeles
Public,53169,EVERGREEN VALLEY HIGH SCHOOL,San Jose,Santa Clara
Public,53738,WEST COVINA HIGH SCHOOL,West Covina,Los Angeles
Public,51633,ESPERANZA COLLEGE PREP,Los Angeles,Los Angeles
Public,51008,SUNNY HILLS HIGH SCHOOL,Fullerton,Orange
Public,52384,COLONY HIGH SCHOOL,Ontario,San Bernardino
Public,52050,MONTEREY HIGH SCHOOL,Monterey,Monterey
Public,53343,SARATOGA HIGH SCHOOL,Saratoga,Santa Clara
Public,50675,CORONA HIGH SCHOOL,Corona,Riverside
Public,54429,EVEREST PUBLIC HIGH SCHOOL,Redwood City,San Mateo
Private,51362,BISHOP AMAT MEMORIAL HS,La Puente,Los Angeles
Public,53522,SOUTH HIGH SCHOOL,Torrance,Los Angeles
Public,52853,JAMES MADISON HIGH SCHOOL,San Diego,San Diego
Private,54785,CAMBRIDGE SCHOOL,San Diego,San Diego
Public,50370,BREA OLINDA HIGH SCHOOL,Brea,Orange
Private,50020,SAINT JOSEPH-NOTRE DAME HS,Alameda,Alameda
Private,51330,BISHOPS SCHOOL,La Jolla,San Diego
Public,51370,BONITA HIGH SCHOOL,La Verne,Los Angeles
Public,50704,SOUTH HILLS HIGH SCHOOL,West Covina,Los Angeles
Public,50883,SAN MARCOS HIGH SCHOOL,San Marcos,San Diego
Public,51561,LA CENTER ENRICHED STUDIES,Los Angeles,Los Angeles
Public,52308,OCEANA HIGH SCHOOL,Pacifica,San Mateo
Public,52986,WESTVIEW HIGH SCHOOL,San Diego,San Diego
Private,52082,JUSTIN SIENA HIGH SCHOOL,Napa,Napa
Public,52887,UNIVERSITY CITY HIGH,San Diego,San Diego
Private,52278,ONTARIO CHRISTIAN HIGH SCHOOL,Ontario,San Bernardino
Private,53200,MARY STAR OF THE SEA HIGH SCH,San Pedro,Los Angeles
Private,53705,MONTE VISTA CHRISTIAN HS,Watsonville,Santa Cruz
Public,53520,NORTH HIGH SCHOOL,Torrance,Los Angeles
Public,50130,ARCADIA HIGH SCHOOL,Arcadia,Los Angeles
Private,50275,NOTRE DAME HIGH SCHOOL,Belmont,San Mateo
Public,52891,CANYON HILLS HIGH SCHOOL,San Diego,San Diego
Public,52590,REDLANDS HIGH SCHOOL,Redlands,San Bernardino
Public,54321,YORBA LINDA HIGH SCHOOL,Yorba Linda,Orange
Public,53062,GABRIELINO HIGH SCHOOL,San Gabriel,Los Angeles
Public,53320,SANTA MONICA HIGH SCHOOL,Santa Monica,Los Angeles
Public,50438,ADOLFO CAMARILLO HIGH SCHOOL,Camarillo,Ventura
Public,54784,RIVERSIDE STEM ACADEMY,Riverside,Riverside
Public,50006,OAK PARK HIGH SCHOOL,Oak Park,Ventura
Private,53626,SONOMA ACADEMY,Santa Rosa,Sonoma
Public,54065,PUC CMNTY CHAR MS EARLY COL HS,Lake View Terrace,Los Angeles
Public,51324,ALISO NIGUEL HIGH SCHOOL,Aliso Viejo,Orange
Public,53336,SAUGUS HIGH SCHOOL,Saugus,Los Angeles
Public,53195,SAN PEDRO HIGH SCHOOL,San Pedro,Los Angeles
Public,53586,UPLAND HIGH SCHOOL,Upland,San Bernardino
Public,54673,USC HYBRID HIGH COLLEGE PREP,Los Angeles,Los Angeles
Private,51333,LA JOLLA COUNTRY DAY SCHOOL,La Jolla,San Diego
Public,51786,SCIENCE ACADEMY STEM MAGNET,North Hollywood,Los Angeles
Public,52388,JOHN MARSHALL FUNDAMENTAL SCH,Pasadena,Los Angeles
Public,53410,SOUTH PASADENA HIGH SCHOOL,South Pasadena,Los Angeles
Public,54018,SEGERSTROM HIGH SCHOOL,Santa Ana,Orange
Public,50075,SOUTH TAHOE HIGH SCHOOL,South Lake Tahoe,El Dorado
Public,52713,JOHN F KENNEDY HIGH SCHOOL,Sacramento,Sacramento
Public,52117,NEWBURY PARK HIGH SCHOOL,Newbury Park,Ventura
Public,52105,SWEETWATER UNION HIGH SCHOOL,National City,San Diego
Private,51244,MATER DEI CATHOLIC HIGH SCHOOL,Chula Vista,San Diego
Private,50990,SAN JOAQUIN MEMORIAL HS,Fresno,Fresno
Public,53995,LAKESIDE HIGH SCHOOL,Lake Elsinore,Riverside
Public,50865,SAN DIEGUITO ACADEMY,Encinitas,San Diego
Public,51240,IMPERIAL HIGH SCHOOL,Imperial,Imperial
Public,53521,WEST HIGH SCHOOL,Torrance,Los Angeles
Public,53740,RIVER CITY HIGH SCHOOL,West Sacramento,Yolo
Public,50825,ELK GROVE HIGH SCHOOL,Elk Grove,Sacramento
Public,52172,SAN MARIN HIGH SCHOOL,Novato,Marin
Public,52478,EL DORADO HIGH SCHOOL,Placentia,Orange
Public,53801,EL CAMINO REAL CHARTER HIGH SC,Woodland Hills,Los Angeles
Public,52248,EL CAMINO HIGH SCHOOL,Oceanside,San Diego
Private,51760,SACRED HEART HIGH SCHOOL,Los Angeles,Los Angeles
Private,52502,DAMIEN HIGH SCHOOL,La Verne,Los Angeles
Public,50003,AGOURA HIGH SCHOOL,Agoura Hills,Los Angeles
Public,50527,CERRITOS HIGH SCHOOL,Cerritos,Los Angeles
Public,52543,QUARTZ HILL HIGH SCHOOL,Quartz Hill,Los Angeles
Public,50748,DIAMOND BAR HIGH SCHOOL,Diamond Bar,Los Angeles
Public,52980,MISSION SENIOR HIGH SCHOOL,San Francisco,San Francisco
Public,53083,DEL MAR HIGH SCHOOL,San Jose,Santa Clara
Private,52077,SAINT FRANCIS HIGH SCHOOL,Mountain View,Santa Clara
Public,52625,DE ANZA HIGH SCHOOL,Richmond,Contra Costa
Private,52020,CANTWELL/SACRED HEART MARY HS,Montebello,Los Angeles
Private,52698,SAINT FRANCIS HIGH SCHOOL,Sacramento,Sacramento
Public,51313,CRESCENTA VALLEY HIGH SCHOOL,La Crescenta,Los Angeles
Private,52133,CAMPBELL HALL,Studio City,Los Angeles
Public,52464,PINOLE VALLEY HIGH SCHOOL,Pinole,Contra Costa
Public,50050,ALHAMBRA HIGH SCHOOL,Alhambra,Los Angeles
Public,50871,ESCONDIDO CHARTER HIGH SCHOOL,Escondido,San Diego
Public,54851,RANCHO CAMPANA HIGH SCHOOL,Camarillo,Ventura
Public,52947,GATEWAY HIGH SCHOOL,San Francisco,San Francisco
Public,52210,CA SCH ARTS SAN GABRIEL VALLEY,Duarte,Los Angeles
Public,52299,RIO MESA HIGH SCHOOL,Oxnard,Ventura
Public,52894,SAN DIMAS HIGH SCHOOL,San Dimas,Los Angeles
Public,51361,REDWOOD HIGH SCHOOL,Larkspur,Marin
Public,51160,HEALDSBURG HIGH SCHOOL,Healdsburg,Sonoma
Public,51033,SANTIAGO HIGH SCHOOL,Garden Grove,Orange
Private,50869,HOLY MARTYRS ARMENIAN HS,Encino,Los Angeles
Public,52480,VALENCIA HIGH SCHOOL,Placentia,Orange
Public,51106,GRANITE BAY HIGH SCHOOL,Granite Bay,Placer
Private,53435,SAINT MARYS HIGH SCHOOL,Stockton,San Joaquin
Public,53297,SANTA CRUZ HIGH SCHOOL,Santa Cruz,Santa Cruz
Public,52950,GEORGE WASHINGTON HIGH SCHOOL,San Francisco,San Francisco
Public,53691,FOOTHILL TECHNOLOGY HS,Ventura,Ventura
Public,51828,VENICE HIGH SCHOOL,Los Angeles,Los Angeles
Public,50722,GAHR HIGH SCHOOL,Cerritos,Los Angeles
Public,51221,MARINA HIGH SCHOOL,Huntington Beach,Orange
Public,52567,MARTIN LUTHER KING HIGH SCHOOL,Riverside,Riverside
Public,53065,SANGER HIGH SCHOOL,Sanger,Fresno
Public,50118,APPLE VALLEY HIGH SCHOOL,Apple Valley,San Bernardino
Public,53676,WALNUT HIGH SCHOOL,Walnut,Los Angeles
Public,53234,FOOTHILL HIGH SCHOOL,Santa Ana,Orange
Public,50964,FOUNTAIN VALLEY HIGH SCHOOL,Fountain Valley,Orange
Public,53055,SAN GABRIEL HIGH SCHOOL,San Gabriel,Los Angeles
Private,52880,SAINT AUGUSTINE HIGH SCHOOL,San Diego,San Diego
Public,52495,AMADOR VALLEY HIGH SCHOOL,Pleasanton,Alameda
Public,54709,SAGE CREEK HIGH SCHOOL,Carlsbad,San Diego
Public,50375,LIBERTY HIGH SCHOOL,Brentwood,Contra Costa
Private,50402,PROVIDENCE HIGH SCHOOL,Burbank,Los Angeles
Public,53077,ANDREW P HILL HIGH SCHOOL,San Jose,Santa Clara
Public,51301,CLARK MAGNET HIGH SCHOOL,La Crescenta,Los Angeles
Public,52129,NORCO HIGH SCHOOL,Norco,Riverside
Public,52251,GUAJOME PARK ACADEMY,Vista,San Diego
Public,51088,GRANADA HILLS CHARTER HIGH SCH,Granada Hills,Los Angeles
Public,50309,GIRLS ACADEMIC LEADERSHIP ACAD,Los Angeles,Los Angeles
Public,53243,VALLEY HIGH SCHOOL,Santa Ana,Orange
Public,51629,VALLEY INTERNATIONAL PREP HS,Northridge,Los Angeles
Public,50824,FRANKLIN HIGH SCHOOL,Elk Grove,Sacramento
Public,52279,VILLA PARK HIGH SCHOOL,Villa Park,Orange
Public,52497,FOOTHILL HIGH SCHOOL,Pleasanton,Alameda
Public,50940,FOLSOM HIGH SCHOOL,Folsom,Sacramento
Public,52319,PALM DESERT HIGH SCHOOL,Palm Desert,Riverside
Public,50093,ESPERANZA HIGH SCHOOL,Anaheim,Orange
Public,51525,ALEXANDER HAMILTON HIGH SCHOOL,Los Angeles,Los Angeles
Public,53699,EL DIAMANTE HIGH SCHOOL,Visalia,Tulare
Public,51907,PALOMA VALLEY HIGH SCHOOL,Menifee,Riverside
Public,54481,EDGEWOOD HIGH SCHOOL,West Covina,Los Angeles
Public,52598,WOODCREEK HIGH SCHOOL,Roseville,Placer
Public,52867,PATRICK HENRY HIGH SCHOOL,San Diego,San Diego
Public,54746,DEL LAGO ACADEMY,Escondido,San Diego
Public,53820,YUCAIPA SENIOR HIGH SCHOOL,Yucaipa,San Bernardino
Public,50714,CYPRESS HIGH SCHOOL,Cypress,Orange
Private,52820,ACADEMY OUR LADY OF PEACE,San Diego,San Diego
Public,50126,ACAD FOR ACADEMIC EXCELLENCE,Apple Valley,San Bernardino
Public,53880,GREAT OAK HIGH SCHOOL,Temecula,Riverside
Public,53545,VERDUGO HILLS HIGH SCHOOL,Tujunga,Los Angeles
Private,52943,INTERNATIONAL HIGH SCHOOL FAIS,San Francisco,San Francisco
Public,50466,TORREY PINES HIGH SCHOOL,San Diego,San Diego
Public,52617,SHERMAN OAKS CTR ENRCHED STDS,Reseda,Los Angeles
Public,53100,SILVER CREEK HIGH SCHOOL,San Jose,Santa Clara
Public,50720,JEFFERSON HIGH SCHOOL,Daly City,San Mateo
Public,54231,KIPP KING COLLEGIATE HIGH SCH,San Lorenzo,Alameda
Public,50378,BUENA PARK HIGH SCHOOL,Buena Park,Orange
Private,52686,MARANATHA HIGH SCHOOL,Pasadena,Los Angeles
Public,51958,TRABUCO HILLS HIGH SCHOOL,Mission Viejo,Orange
Public,53937,WHITNEY HIGH SCHOOL,Rocklin,Placer
Public,50980,EDISON HIGH SCHOOL,Fresno,Fresno
Public,53806,WILLIAM HOWARD TAFT HS,Woodland Hills,Los Angeles
Public,51576,DOWNTOWN MAGNETS HIGH SCHOOL,Los Angeles,Los Angeles
Public,51312,LA CANADA HIGH SCHOOL,La Canada,Los Angeles
Public,54159,PATRIOT HIGH SCHOOL,Riverside,Riverside
Public,53539,CHAPARRAL HIGH SCHOOL,Temecula,Riverside
Public,51507,DEL ORO HIGH SCHOOL,Loomis,Placer
Private,53005,SACRED HEART CATHEDRAL PREP,San Francisco,San Francisco
Public,51320,LAGUNA BEACH HIGH SCHOOL,Laguna Beach,Orange
Public,50564,CHINO HILLS HIGH SCHOOL,Chino Hills,San Bernardino
Public,50301,ALLIANCE MIT 6-12 COMPLEX,Sun Valley,Los Angeles
Public,52881,MORSE HIGH SCHOOL,San Diego,San Diego
Public,52055,MOORPARK HIGH SCHOOL,Moorpark,Ventura
Public,54563,ACADEMY OF SCIENTIFIC EXPLORAT,San Fernando,Los Angeles
Public,54316,OAK HILLS HIGH SCHOOL,Oak Hills,San Bernardino
Public,50845,EL SEGUNDO HIGH SCHOOL,El Segundo,Los Angeles
Public,51825,UNIVERSITY HIGH SCHOOL,Los Angeles,Los Angeles
Public,53222,SAN RAFAEL HIGH SCHOOL,San Rafael,Marin
Public,50806,GRANITE HILLS HIGH SCHOOL,El Cajon,San Diego
Public,50776,OXFORD ACADEMY,Cypress,Orange
Public,54553,MAKING WAVES ACADEMY,Richmond,Contra Costa
Public,54548,VALLEY ACADEMY ARTS & SCIENCES,Granada Hills,Los Angeles
Public,50963,LOS AMIGOS HIGH SCHOOL,Fountain Valley,Orange
Public,53655,VENTURA HIGH SCHOOL,Ventura,Ventura
Public,52609,ROCKLIN HIGH SCHOOL,Rocklin,Placer
Private,52637,SALESIAN COLLEGE PREPARATORY,Richmond,Contra Costa
Public,52685,ROSEMEAD HIGH SCHOOL,Rosemead,Los Angeles
Public,52327,PALISADES CHARTER HIGH SCHOOL,Pacific Palisade,Los Angeles
Public,52688,OAKMONT HIGH SCHOOL,Roseville,Placer
Public,53849,TECHNOLOGY HIGH SCHOOL,Rohnert Park,Sonoma
Public,50676,CENTENNIAL HIGH SCHOOL,Corona,Riverside
Public,54078,ELEANOR ROOSEVELT HIGH SCHOOL,Eastvale,Riverside
Public,50386,HERITAGE HIGH SCHOOL,Brentwood,Contra Costa
Private,50423,VIEWPOINT SCHOOL,Calabasas,Los Angeles
Public,54457,NEW OPEN WORLD ACADEMY,Los Angeles,Los Angeles
Private,53112,SAINT MARGARETS EPISCOPAL SCH,San Juan Capistrano,Orange
Public,53266,ORANGE COUNTY HS OF THE ARTS,Santa Ana,Orange
Public,52214,NUVIEW BRIDGE EARLY COLLEGE HS,Nuevo,Riverside
Public,53665,REDWOOD HIGH SCHOOL,Visalia,Tulare
Public,52860,MISSION BAY HIGH,San Diego,San Diego
Public,51325,LA HABRA HIGH SCHOOL,La Habra,Orange
Public,53598,SCOTTS VALLEY HIGH SCHOOL,Scotts Valley,Santa Cruz
Private,53746,OAKS CHRISTIAN SCHOOL,Westlake Village,Ventura
Public,52792,SHELDON HIGH SCHOOL,Sacramento,Sacramento
Public,50829,LAGUNA CREEK HIGH SCHOOL,Elk Grove,Sacramento
Public,54523,FREMONT ACD ENGINEERING/DESIGN,Pomona,Los Angeles
Public,53900,KEARNY SCH BIOMED SCIENCE TECH,San Diego,San Diego
Public,50841,CESAR E CHAVEZ HIGH SCHOOL,Delano,Kern
Public,54815,SUMMIT PUBLIC SCHOOLS SHASTA,Daly City,San Mateo
Public,52908,SYLMAR HIGH SCHOOL,Sylmar,Los Angeles
Private,52392,LA SALLE HIGH SCHOOL,Pasadena,Los Angeles
Public,53643,TEMECULA PREPARATORY SCHOOL,Winchester,Riverside
Public,54027,SAN JACINTO VALLEY ACADEMY,San Jacinto,Riverside
Public,51402,TEMESCAL CANYON HIGH SCHOOL,Lake Elsinore,Riverside
Public,51200,HOLTVILLE HIGH SCHOOL,Holtville,Imperial
Public,52541,HIGHLAND HIGH SCHOOL,Palmdale,Los Angeles
Private,52935,CONVENT OF THE SACRED HEART HS,San Francisco,San Francisco
Public,52138,CABRILLO POINT ACADEMY,Poway,San Diego
Private,51298,CREAN LUTHERAN HIGH SCHOOL,Irvine,Orange
Public,50804,VALHALLA HIGH SCHOOL,El Cajon,San Diego
Public,50893,CANYON CREST ACADEMY,San Diego,San Diego
Public,54438,LIBERTY RANCH HIGH SCHOOL,Galt,Sacramento
Public,51015,GALT HIGH SCHOOL,Galt,Sacramento
Public,54378,DA VINCI SCIENCE HIGH SCHOOL,El Segundo,Los Angeles
Private,50724,ATHENIAN SCHOOL,Danville,Contra Costa
Public,50715,CULVER CITY HIGH SCHOOL,Culver City,Los Angeles
Public,54347,MISSION VISTA HIGH SCHOOL,Oceanside,San Diego
Public,52018,MONTCLAIR HIGH SCHOOL,Montclair,San Bernardino
Public,52128,CORONA DEL MAR HIGH SCHOOL,Newport Beach,Orange
Public,50723,WESTMOOR HIGH SCHOOL,Daly City,San Mateo
Public,54101,UNIVERSITY PREPARATORY,Victorville,San Bernardino
Public,50622,CLOVIS EAST HIGH SCHOOL,Clovis,Fresno
Public,50372,FREEDOM HIGH SCHOOL,Oakley,Contra Costa
Public,53158,SAN MARINO HIGH SCHOOL,San Marino,Los Angeles
Public,50975,CENTRAL EAST HIGH SCHOOL,Fresno,Fresno
Private,51311,SAINT FRANCIS HIGH SCHOOL,La Canada,Los Angeles
Public,50259,GOLDEN VALLEY HIGH SCHOOL,Bakersfield,Kern
Public,51009,TROY HIGH SCHOOL,Fullerton,Orange
Public,50077,ALTA LOMA HIGH SCHOOL,Alta Loma,San Bernardino
Public,50936,UNIVERSITY HIGH SCHOOL,Fresno,Fresno
Public,50181,BUHACH COLONY HIGH SCHOOL,Atwater,Merced
Public,52015,MONROVIA HIGH SCHOOL,Monrovia,Los Angeles
Public,52225,OAKLAND HIGH SCHOOL,Oakland,Alameda
Public,52869,SAN DIEGO SCHL CREATE/PERFORM,San Diego,San Diego
Public,53907,SAN DIEGO INTL STUDIES,San Diego,San Diego
Public,50202,RIDGEVIEW HIGH SCHOOL,Bakersfield,Kern
Public,52284,CASA ROBLE FUNDAMENTAL HS,Orangevale,Sacramento
Public,50573,CASTLE PARK HIGH SCHOOL,Chula Vista,San Diego
Public,54214,TAHQUITZ HIGH SCHOOL,Hemet,Riverside
Public,53004,VISTA MURRIETA HIGH SCHOOL,Murrieta,Riverside
Public,54345,SHADOW HILLS HIGH SCHOOL,Indio,Riverside
Private,50470,ARMY AND NAVY ACADEMY,Carlsbad,San Diego
Public,51347,LAKEWOOD HIGH SCHOOL,Lakewood,Los Angeles
Public,50220,NORTH HIGH SCHOOL,Bakersfield,Kern
Private,52563,SANTA MARGARITA CATHOLIC HS,Rancho San Margarit,Orange
Public,51869,SOAR HIGH SCHOOL,Lancaster,Los Angeles
Public,50735,DELANO HIGH SCHOOL,Delano,Kern
Public,52516,DIAMOND RANCH HIGH SCHOOL,Pomona,Los Angeles
Public,52475,PITTSBURG HIGH SCHOOL,Pittsburg,Contra Costa
Public,50815,EL CERRITO HIGH SCHOOL,El Cerrito,Contra Costa
Public,51989,JURUPA VALLEY HIGH SCHOOL,Mira Loma,Riverside
Public,52430,PATTERSON HIGH SCHOOL,Patterson,Stanislaus
Public,52170,NOVATO HIGH SCHOOL,Novato,Marin
Public,51360,LOS ALTOS HIGH SCHOOL,Hacienda Heights,Los Angeles
Public,51896,MALIBU HIGH SCHOOL,Malibu,Los Angeles
Private,52269,LUTHERAN HIGH SCHL ORANGE CNTY,Orange,Orange
Public,50703,NORTHVIEW HIGH SCHOOL,Covina,Los Angeles
Public,50902,MONTEREY TRAIL HIGH SCHOOL,Elk Grove,Sacramento
Public,52022,EAST PALO ALTO ACADEMY,East Palo Alto,San Mateo
Public,53800,WOODLAND HIGH SCHOOL,Woodland,Yolo
Public,54013,DESERT MIRAGE HIGH SCHOOL,Thermal,Riverside
Private,52898,BISHOP ALEMANY HIGH SCHOOL,Mission Hills,Los Angeles
Private,51552,BISHOP CONATY OUR LADY LORETTO,Los Angeles,Los Angeles
Private,51554,BISHOP MORA SALESIAN HS,Los Angeles,Los Angeles
Public,54697,EL CAPITAN HIGH SCHOOL,Merced,Merced
Public,50365,BRAWLEY UNION HIGH SCHOOL,Brawley,Imperial
Public,51830,WESTCHESTER HIGH SCHOOL,Los Angeles,Los Angeles
Private,50103,FAIRMONT PREPARATORY ACADEMY,Anaheim,Orange
Public,52797,SAN BERNARDINO HIGH SCHOOL,San Bernardino,San Bernardino
Private,50903,QUARRY LANE SCHOOL,Dublin,Alameda
Public,50055,MARK KEPPEL HIGH SCHOOL,Alhambra,Los Angeles
Private,50310,SAINT MARYS COLLEGE HS,Berkeley,Alameda
Public,52803,NATOMAS CHARTER SCHOOL PERFORM,Sacramento,Sacramento
Public,51441,LODI HIGH SCHOOL,Lodi,San Joaquin
Public,54044,ROSELAND UNIVERSITY PREP,Santa Rosa,Sonoma
Private,53205,SAN DOMENICO SCHOOL,San Anselmo,Marin
Public,54645,LINDA MARQUEZ HS-SOC JUSTICE,Huntington Park,Los Angeles
Public,53756,LA SERNA HIGH SCHOOL,Whittier,Los Angeles
Public,50320,BEVERLY HILLS HIGH SCHOOL,Beverly Hills,Los Angeles
Public,53609,NORTHCOAST PREP & PERF ARTS A,Arcata,Humboldt
Public,50245,BELL HIGH SCHOOL,Bell,Los Angeles
Public,50912,BELLA VISTA HIGH SCHOOL,Fair Oaks,Sacramento
Public,52274,ONTARIO HIGH SCHOOL,Ontario,San Bernardino
Public,53570,TUSTIN HIGH SCHOOL,Tustin,Orange
Public,50925,FALLBROOK UNION HIGH SCHOOL,Fallbrook,San Diego
Private,52971,LYCEE FRANCAIS DE SAN FRAN,San Francisco,San Francisco
Private,53681,SOUTHLANDS CHRISTIAN HS,Walnut,Los Angeles
Public,54376,RAMON C CORTINES SCH VIS PERF,Los Angeles,Los Angeles
Public,50563,RUBEN S AYALA HIGH SCHOOL,Chino Hills,San Bernardino
Private,52843,FRANCIS W PARKER SCHOOL,San Diego,San Diego
Public,54541,PUC EARLY COLG ACADEMY LEADERS,Los Angeles,Los Angeles
Private,54103,XAVIER COLLEGE PREPARATORY HS,Palm Desert,Riverside
Public,50572,BONITA VISTA HIGH SCHOOL,Chula Vista,San Diego
Public,51580,EAGLE ROCK HIGH SCHOOL,Los Angeles,Los Angeles
Public,52719,LUTHER BURBANK HIGH SCHOOL,Sacramento,Sacramento
Public,54304,LITERACY FIRST CHARTER SCHOOLS,Lemon Grove,San Diego
Public,50379,JOHN F KENNEDY HIGH SCHOOL,La Palma,Orange
Public,50525,CERES HIGH SCHOOL,Ceres,Stanislaus
Public,51615,HOLLYWOOD HIGH SCHOOL,Los Angeles,Los Angeles
Public,51140,NARBONNE HIGH SCHOOL,Harbor City,Los Angeles
Public,50489,NORTH MONTEREY COUNTY HS,Castroville,Monterey
Public,51165,HEMET HIGH SCHOOL,Hemet,Riverside
Public,52280,ORANGE HIGH SCHOOL,Orange,Orange
Public,50620,COACHELLA VALLEY HIGH SCHOOL,Thermal,Riverside
Public,50911,FAIRFIELD HIGH SCHOOL,Fairfield,Solano
Public,54141,HERITAGE HIGH SCHOOL,Menifee,Riverside
Public,50805,EL CAJON VALLEY HIGH SCHOOL,El Cajon,San Diego
Public,51472,ENVIRONMENTAL CHARTER HS,Lawndale,Los Angeles
Public,53329,PINER HIGH SCHOOL,Santa Rosa,Sonoma
Public,51590,FAIRFAX HIGH SCHOOL,Los Angeles,Los Angeles
Public,52670,RAMONA HIGH SCHOOL,Riverside,Riverside
Public,53580,UKIAH HIGH SCHOOL,Ukiah,Mendocino
Public,52778,EVERETT ALVAREZ HIGH SCHOOL,Salinas,Monterey
Public,50528,CHATSWORTH HIGH SCHOOL,Chatsworth,Los Angeles
Public,52746,NORTH SALINAS HIGH SCHOOL,Salinas,Monterey
Public,50223,SOUTH HIGH SCHOOL,Bakersfield,Kern
Public,50230,BANNING HIGH SCHOOL,Banning,Riverside
Public,50081,KATELLA HIGH SCHOOL,Anaheim,Orange
Public,50873,ORANGE GLEN HIGH SCHOOL,Escondido,San Diego
Public,50495,CARUTHERS HIGH SCHOOL,Caruthers,Fresno
Private,53748,DE TOLEDO HIGH SCHOOL,West Hills,Los Angeles
Public,50837,MOUNTAIN VIEW HIGH SCHOOL,El Monte,Los Angeles
Public,50660,MOUNT DIABLO HIGH SCHOOL,Concord,Contra Costa
Public,54813,MOUNTAIN HOUSE HIGH SCHOOL,Mountain House,San Joaquin
Public,50680,CORONADO HIGH SCHOOL,Coronado,San Diego
Public,54644,LIBRA ACADEMY AT LINDA MARQUEZ HS,Huntington Park,Los Angeles
Public,53978,CITRUS HILL HIGH SCHOOL,Perris,Riverside
Public,52837,CLAIREMONT HIGH SCHOOL,San Diego,San Diego
Public,53675,VISTA HIGH SCHOOL,Vista,San Diego
Public,51811,ORTHOPAEDIC HOSP MED MAGNET HS,Los Angeles,Los Angeles
Public,50084,LOARA HIGH SCHOOL,Anaheim,Orange
Private,51685,LOYOLA HIGH SCHOOL,Los Angeles,Los Angeles
Private,53287,NEW ROADS SCHOOL,Santa Monica,Los Angeles
Public,53430,LINCOLN HIGH SCHOOL,Stockton,San Joaquin
Public,50508,CATHEDRAL CITY HIGH SCHOOL,Cathedral City,Riverside
Public,51242,MAR VISTA HIGH SCHOOL,Imperial Beach,San Diego
Public,50115,ANTIOCH HIGH SCHOOL,Antioch,Contra Costa
Public,50160,ARVIN HIGH SCHOOL,Arvin,Kern
Public,53328,MONTGOMERY HIGH SCHOOL,Santa Rosa,Sonoma
Public,50228,SIERRA VISTA HIGH SCHOOL,Baldwin Park,Los Angeles
Public,50830,ARROYO HIGH SCHOOL,El Monte,Los Angeles
Public,50816,SOUTHWEST HIGH SCHOOL,El Centro,Imperial
Public,53350,SELMA HIGH SCHOOL,Selma,Fresno
Public,51328,LA QUINTA HIGH SCHOOL,La Quinta,Riverside
Public,54317,MIRA MONTE HIGH SCHOOL,Bakersfield,Kern
Public,53303,ERNEST RIGHETTI HIGH SCHOOL,Santa Maria,Santa Barbara
Public,51994,JOHANSEN HIGH SCHOOL,Modesto,Stanislaus
Public,53633,ULYSSES S GRANT HIGH SCHOOL,Van Nuys,Los Angeles
Public,51953,GOLDEN VALLEY HIGH SCHOOL,Merced,Merced
Public,52425,PASO ROBLES HIGH SCHOOL,Paso Robles,San Luis Obispo
Public,50570,CHOWCHILLA UNION HIGH SCHOOL,Chowchilla,Madera
Public,52167,NORWALK HIGH SCHOOL,Norwalk,Los Angeles
Public,52305,OXNARD HIGH SCHOOL,Oxnard,Ventura
Public,50750,DINUBA HIGH SCHOOL,Dinuba,Tulare
Public,50334,DESERT HOT SPRINGS HS,Desert Hot Springs,Riverside
Public,51257,ANIMO LEADERSHIP CHARTER HS,Inglewood,Los Angeles
Public,52320,PALM SPRINGS HIGH SCHOOL,Palm Springs,Riverside
Public,52782,NATOMAS HIGH SCHOOL,Sacramento,Sacramento
Public,53785,PHINEAS BANNING HIGH SCHOOL,Wilmington,Los Angeles
Public,52073,MURRIETA VALLEY HIGH SCHOOL,Murrieta,Riverside
Public,54667,HUNTINGTON PARK INST APLD MED,Huntington Park,Los Angeles
Public,53635,VAN NUYS HIGH SCHOOL,Van Nuys,Los Angeles
Private,53000,ARCHBISHOP RIORDAN HIGH SCHOOL,San Francisco,San Francisco
Public,52037,SCHURR HIGH SCHOOL,Montebello,Los Angeles
Public,53855,WILMER AMINA CARTER HS,Rialto,San Bernardino
Public,50083,MAGNOLIA HIGH SCHOOL,Anaheim,Orange
Public,53660,VICTOR VALLEY HIGH SCHOOL,Victorville,San Bernardino
Public,51405,LINCOLN HIGH SCHOOL,Lincoln,Placer
Public,52773,CAJON HIGH SCHOOL,San Bernardino,San Bernardino
Public,54150,HECTOR GODINEZ FUNDAMENTAL HS,Santa Ana,Orange
Public,50770,DOWNEY HIGH SCHOOL,Downey,Los Angeles
Public,53400,SOUTH GATE HIGH SCHOOL,South Gate,Los Angeles
Public,50880,ESCONDIDO HIGH SCHOOL,Escondido,San Diego
Public,50425,CALEXICO HIGH SCHOOL,Calexico,Imperial
Public,51672,KING DREW MAGNET HS MED/SCI,Los Angeles,Los Angeles
Private,51625,IMMACULATE HEART HIGH SCHOOL,Los Angeles,Los Angeles
Public,51662,UCLA COMMUNITY SCHOOL,Los Angeles,Los Angeles
Public,53552,TULARE WESTERN HIGH SCHOOL,Tulare,Tulare
Public,54474,MAGNOLIA SCI ACADEMY-SANTA ANA,Santa Ana,Orange
Public,54891,UNIVERSITY PREP VALUE HS,Los Angeles,Los Angeles
Public,53300,SANTA FE HIGH SCHOOL,Santa Fe Springs,Los Angeles
Private,51156,MOREAU CATHOLIC HIGH SCHOOL,Hayward,Alameda
Private,53370,NOTRE DAME HIGH SCHOOL,Sherman Oaks,Los Angeles
Public,50172,ATWATER HIGH SCHOOL,Atwater,Merced
Public,53459,MORENO VALLEY HIGH SCHOOL,Moreno Valley,Riverside
Public,51355,ANTELOPE VALLEY HIGH SCHOOL,Lancaster,Los Angeles
Public,50225,BALDWIN PARK HIGH SCHOOL,Baldwin Park,Los Angeles
Public,54618,ACADEMY OF MEDICAL ARTS AT CARSON,Carson,Los Angeles
Public,51045,SUNNYSIDE HIGH SCHOOL,Fresno,Fresno
Public,50210,EAST BAKERSFIELD HIGH SCHOOL,Bakersfield,Kern
Private,53197,JSERRA CATHOLIC HIGH SCHOOL,San Juan Capistrano,Orange
Public,51187,SULTANA HIGH SCHOOL,Hesperia,San Bernardino
Public,50048,ELLEN OCHOA PREP ACADEMY,Pico Rivera,Los Angeles
Public,54539,WONDERFUL COLLEGE PREP ACADEMY,Delano,Kern
Public,52658,ARLINGTON HIGH SCHOOL,Riverside,Riverside
Public,50566,DON ANTONIO LUGO HIGH SCHOOL,Chino,San Bernardino
Public,52696,JOHN A ROWLAND HIGH SCHOOL,Rowland Heights,Los Angeles
Public,53988,CENTRAL VALLEY HIGH SCHOOL,Ceres,Stanislaus
Public,53970,LEADERSHIP PUBLIC SCH RICHMOND,Richmond,Contra Costa
Public,53927,ROSEMONT HIGH SCHOOL,Sacramento,Sacramento
Public,52664,NORTE VISTA SENIOR HIGH SCHOOL,Riverside,Riverside
Public,52057,VALLEY VIEW HIGH SCHOOL,Moreno Valley,Riverside
Public,54281,EAST VILLAGE MIDDLE COLLEGE HS,San Diego,San Diego
Private,52697,CHRISTIAN BROTHERS HIGH SCHOOL,Sacramento,Sacramento
Public,50255,BELLFLOWER HIGH SCHOOL,Bellflower,Los Angeles
Public,51885,LYNWOOD HIGH SCHOOL,Lynwood,Los Angeles
Public,52315,PALMDALE HIGH SCHOOL,Palmdale,Los Angeles
Public,54173,CALIFORNIA MILITARY INSTITUTE,Perris,Riverside
Public,53628,SAN YSIDRO HIGH SCHOOL,San Diego,San Diego
Public,53966,CESAR CHAVEZ HIGH SCHOOL,Stockton,San Joaquin
Public,51550,BENJAMIN FRANKLIN HIGH SCHOOL,Los Angeles,Los Angeles
Public,50087,SAVANNA HIGH SCHOOL,Anaheim,Orange
Public,53964,RIVER VALLEY HIGH SCHOOL,Yuba City,Sutter
Public,50897,SUMMIT HIGH SCHOOL,Fontana,San Bernardino
Public,50697,ELIZABETH LEARNING CENTER,Cudahy,Los Angeles
Public,53515,CARSON HIGH SCHOOL,Carson,Los Angeles
Public,51890,MADERA HIGH SCHOOL,Madera,Madera
Public,54163,ALLIANCE M&E STERN MATH SCI SCH,Los Angeles,Los Angeles
Public,50583,WORKMAN HIGH SCHOOL,City Of Industry,Los Angeles
Public,53070,SAN JACINTO HIGH SCHOOL,San Jacinto,Riverside
Public,53417,MOUNT MIGUEL HIGH SCHOOL,Spring Valley,San Diego
Public,51028,BOLSA GRANDE HIGH SCHOOL,Garden Grove,Orange
Public,54015,VAUGHN NEXT CENTURY LEARN CTR,San Fernando,Los Angeles
Public,51261,CITY HONORS HIGH SCHOOL,Inglewood,Los Angeles
Public,50358,MISSION EARLY COLLEGE HIGH SCH,Santa Clara,Santa Clara
Public,51963,MERCED HIGH SCHOOL,Merced,Merced
Public,51375,LEUZINGER HIGH SCHOOL,Lawndale,Los Angeles
Public,53610,VALLEJO HIGH SCHOOL,Vallejo,Solano
Public,53130,SAN LORENZO HIGH SCHOOL,San Lorenzo,Alameda
Public,53107,W C OVERFELT HIGH SCHOOL,San Jose,Santa Clara
Public,54030,ROBERT FULTON COLLEGE PREP SCH,Van Nuys,Los Angeles
Public,52615,REEDLEY HIGH SCHOOL,Reedley,Fresno
Public,54255,IMPACT ACAD ARTS/TECHNOLOGY,Hayward,Alameda
Public,54869,ALPHA CINDY AVITIA HIGH SCHOOL,San Jose,Santa Clara
Public,52949,MIDDLE COLLEGE HIGH SCHOOL,San Bernardino,San Bernardino
Public,51418,LITTLEROCK HIGH SCHOOL,Littlerock,Los Angeles
Private,52772,AQUINAS HIGH SCHOOL,San Bernardino,San Bernardino
Public,51032,RANCHO ALAMITOS HIGH SCHOOL,Garden Grove,Orange
Public,52039,MARCO ANTONIO FIREBAUGH HS,Lynwood,Los Angeles
Public,52515,PORTERVILLE HIGH SCHOOL,Porterville,Tulare
Public,54672,ADELANTO HIGH SCHOOL,Adelanto,San Bernardino
Public,53765,WHITTIER HIGH SCHOOL,Whittier,Los Angeles
Public,50185,AVENAL HIGH SCHOOL,Avenal,Kings
Public,51352,LA MIRADA HIGH SCHOOL,La Mirada,Los Angeles
Public,50835,EL MONTE HIGH SCHOOL,El Monte,Los Angeles
Public,52048,SEASIDE HIGH SCHOOL,Seaside,Monterey
Private,52256,LAUREL SPRINGS SCHOOL,Ojai,Ventura
Public,50155,ARTESIA HIGH SCHOOL,Lakewood,Los Angeles
Public,52059,CANYON SPRINGS HIGH SCHOOL,Moreno Valley,Riverside
Public,54542,SOCIAL JUSTICE HUMANITAS ACAD,San Fernando,Los Angeles
Public,52659,LA SIERRA HIGH SCHOOL,Riverside,Riverside
Public,53847,PIONEER VALLEY HIGH SCHOOL,Santa Maria,Santa Barbara
Private,53053,DON BOSCO TECHNICAL INSTITUTE,Rosemead,Los Angeles
Public,52798,SAN GORGONIO HIGH SCHOOL,San Bernardino,San Bernardino
Public,51985,MODESTO HIGH SCHOOL,Modesto,Stanislaus
Public,52661,JOHN W NORTH HIGH SCHOOL,Riverside,Riverside
Public,52501,GAREY HIGH SCHOOL,Pomona,Los Angeles
Public,52902,JAMES MONROE HIGH SCHOOL,North Hills,Los Angeles
Public,52643,RIO LINDA SENIOR HIGH SCHOOL,Rio Linda,Sacramento
Public,52892,SOUTHWEST HIGH SCHOOL,San Diego,San Diego
Public,54045,PAJARO VALLEY HS,Watsonville,Santa Cruz
Public,54201,HEALTH SCIENCES HIGH/MID COLL,San Diego,San Diego
Public,50985,FRESNO HIGH SCHOOL,Fresno,Fresno
Public,53980,SOUTH EAST HIGH SCHOOL,South Gate,Los Angeles
Public,52672,RUBIDOUX HIGH SCHOOL,Jurupa Valley,Riverside
Public,50224,WEST HIGH SCHOOL,Bakersfield,Kern
Public,54247,ACADEMIA AVANCE CHARTER SCHOOL,Los Angeles,Los Angeles
Public,54436,MATH SCI TECH MAGNT ACD AT RHS,Los Angeles,Los Angeles
Public,54519,PUC LAKEVIEW CHARTER HIGH SCHL,San Fernando,Los Angeles
Public,52379,PACIFICA HIGH SCHOOL,Oxnard,Ventura
Public,52491,WILLIAM J PETE KNIGHT HIGH SCH,Palmdale,Los Angeles
Public,51247,INDIO HIGH SCHOOL,Indio,Riverside
Public,51795,SUSAN MILLER DORSEY HIGH SCHL,Los Angeles,Los Angeles
Public,51862,EDWARD R ROYBAL LEARNING CNTR,Los Angeles,Los Angeles
Public,51635,JAMES A GARFIELD HIGH SCHOOL,Los Angeles,Los Angeles
Public,53416,MONTE VISTA HIGH SCHOOL,Spring Valley,San Diego
Public,51122,HAWTHORNE MATH & SCIENCE ACAD,Hawthorne,Los Angeles
Public,52365,PARAMOUNT HIGH SCHOOL,Paramount,Los Angeles
Public,52166,JOHN GLENN HIGH SCHOOL,Norwalk,Los Angeles
Public,52275,CHAFFEY HIGH SCHOOL,Ontario,San Bernardino
Public,53760,PIONEER HIGH SCHOOL,Whittier,Los Angeles
Public,51479,PREUSS SCHOOL UCSD,La Jolla,San Diego
Public,53903,SAN DIEGO HIGH SCHOOL,San Diego,San Diego
Public,53739,WESTMINSTER HIGH SCHOOL,Westminster,Orange
Public,54702,RANCHO MIRAGE HIGH SCHOOL,Rancho Mirage,Riverside
Public,51395,LE GRAND UNION HIGH SCHOOL,Le Grand,Merced
Public,52608,CITY OF ANGELS SCHOOL,Los Angeles,Los Angeles
Public,52905,SAN FERNANDO HIGH SCHOOL,San Fernando,Los Angeles
Public,50551,MAYWOOD CTR ENRICHED STUDIES,Maywood,Los Angeles
Public,53249,CENTURY HIGH SCHOOL,Santa Ana,Orange
Public,50134,GRANITE HILLS HIGH SCHOOL,Apple Valley,San Bernardino
Public,54826,NAVA COLLEGE PREP ACADEMY,Los Angeles,Los Angeles
Public,51719,F BRAVO MEDICAL MAGNET HS,Los Angeles,Los Angeles
Public,54629,OFARRELL CHARTER SCHOOL,San Diego,San Diego
Public,52505,POMONA HIGH SCHOOL,Pomona,Los Angeles
Public,51161,WEST VALLEY HIGH SCHOOL,Hemet,Riverside
Public,50265,BELL GARDENS SENIOR HS,Bell Gardens,Los Angeles
Public,54555,CESAR CHAVEZ LA ARTES MAGNET,San Fernando,Los Angeles
Public,52620,RESEDA HIGH SCHOOL,Reseda,Los Angeles
Public,50942,HENRY J KAISER HIGH SCHOOL,Fontana,San Bernardino
Public,51113,GREENFIELD HIGH SCHOOL,Greenfield,Monterey
Public,50771,WARREN HIGH SCHOOL,Downey,Los Angeles
Public,53235,SANTA ANA HIGH SCHOOL,Santa Ana,Orange
Public,50740,GRANT HIGH SCHOOL,Sacramento,Sacramento
Public,51465,DAV STARR JORDAN HIGH SCHOOL,Long Beach,Los Angeles
Public,52216,VISTA DEL LAGO HIGH SCHOOL,Moreno Valley,Riverside
Public,54199,ANIMO JACKIE ROBINSON CHRT SCH,Los Angeles,Los Angeles
Public,50090,ANAHEIM HIGH SCHOOL,Anaheim,Orange
Public,53682,SILVERADO HIGH SCHOOL,Victorville,San Bernardino
Public,51652,LAUSD/USC MEDIA ARTS ENGR MAGN,Los Angeles,Los Angeles
Public,50465,CANOGA PARK HIGH SCHOOL,Canoga Park,Los Angeles
Public,54207,STELLA HIGH CHARTER SCHOOL,Los Angeles,Los Angeles
Public,50038,ORANGE VISTA HIGH SCHOOL,Perris,Riverside
Public,51239,MONTGOMERY HIGH SCHOOL,San Diego,San Diego
Public,54238,ANIMO PAT BROWN CHARTER HS,Los Angeles,Los Angeles
Public,50995,THEODORE ROOSEVELT HIGH SCHOOL,Fresno,Fresno
Public,54606,GRAND TERRACE HIGH SCHOOL,Grand Terrace,San Bernardino
Public,54053,SCHOOL BUS TOUR CONTRERAS LRN,Los Angeles,Los Angeles
Public,52735,SACRAMENTO HIGH SCHOOL,Sacramento,Sacramento
Public,54360,ALLIANCE LEICHTMAN-LEVINE ESHS,Los Angeles,Los Angeles
Public,54055,PORT OF LOS ANGELES HS,San Pedro,Los Angeles
Public,52850,HERBERT HOOVER HIGH SCHOOL,San Diego,San Diego
Public,52717,HIRAM W JOHNSON HIGH SCHOOL,Sacramento,Sacramento
Public,52056,RANCHO VERDE HIGH SCHOOL,Moreno Valley,Riverside
Public,54605,INDIAN SPRINGS HIGH SCHOOL,San Bernardino,San Bernardino
Public,50308,RISE KOHYANG HIGH SCHOOL,Los Angeles,Los Angeles
Public,53958,RONALD E MCNAIR HIGH SCHOOL,Stockton,San Joaquin
Public,53425,FRANKLIN HIGH SCHOOL,Stockton,San Joaquin
Public,51431,LAWNDALE HIGH SCHOOL,Lawndale,Los Angeles
Public,51788,FOSHAY LEARNING CENTER,Los Angeles,Los Angeles
Public,50580,CHULA VISTA SENIOR HIGH SCHOOL,Chula Vista,San Diego
Public,52508,INTERNATIONAL POLYTECHNIC HS,Pomona,Los Angeles
Public,51268,JURUPA HILLS HIGH SCHOOL,Fontana,San Bernardino
Public,54649,STEAM LEGACY HIGH SCHOOL CMPLX,South Gate,Los Angeles
Public,51359,LA PUENTE HIGH SCHOOL,La Puente,Los Angeles
Public,53404,SOUTH EL MONTE HIGH SCHOOL,South El Monte,Los Angeles
Public,54120,LINCOLN HIGH SCHOOL,San Diego,San Diego
Public,54060,EASTSIDE HIGH SCHOOL,Lancaster,Los Angeles
Public,50188,AZUSA HIGH SCHOOL,Azusa,Los Angeles
Public,54767,MATH AND SCIENCE COLLEGE PREP,Los Angeles,Los Angeles
Public,52513,MONACHE HIGH SCHOOL,Porterville,Tulare
Public,54381,FELICITAS GONZALO MENDEZ HS,Los Angeles,Los Angeles
Public,54607,APPLIED TECHNOLOGY CENTER,Montebello,Los Angeles
Public,51357,NOGALES HIGH SCHOOL,La Puente,Los Angeles
Public,50092,WESTERN HIGH SCHOOL,Anaheim,Orange
Public,52622,EISENHOWER HIGH SCHOOL,Rialto,San Bernardino
Public,50205,BAKERSFIELD HIGH SCHOOL,Bakersfield,Kern
Public,53325,SANTA PAULA HIGH SCHOOL,Santa Paula,Ventura
Public,51722,MIDDLE COLLEGE HIGH SCHOOL,Los Angeles,Los Angeles
Public,51412,LANCASTER HIGH SCHOOL,Lancaster,Los Angeles
Public,51262,MORNINGSIDE HIGH SCHOOL,Inglewood,Los Angeles
Public,54531,SYNERGY QUANTUM ACADEMY,Los Angeles,Los Angeles
Public,51776,AMBASSADOR SCHL GLOBAL LDRSHP,Los Angeles,Los Angeles
Public,51498,LENNOX MATH SCIENCE TECH ACAD,Inglewood,Los Angeles
Public,54723,E3 CIVIC HIGH,San Diego,San Diego
Public,53722,WATSONVILLE HIGH SCHOOL,Watsonville,Santa Cruz
Public,50944,A B MILLER HIGH SCHOOL,Fontana,San Bernardino
Public,51645,JOHN C FREMONT HIGH SCHOOL,Los Angeles,Los Angeles
Public,51520,ABRAHAM LINCOLN HIGH SCHOOL,Los Angeles,Los Angeles
Public,54693,CAMINO NUEVO HIGH SCHOOL NO 2,Los Angeles,Los Angeles
Public,52655,EL RANCHO HIGH SCHOOL,Pico Rivera,Los Angeles
Public,52629,RIALTO HIGH SCHOOL,Rialto,San Bernardino
Public,51020,GARDENA HIGH SCHOOL,Gardena,Los Angeles
Public,52297,CHANNEL ISLANDS HIGH SCHOOL,Oxnard,Ventura
Public,52742,ALISAL HIGH SCHOOL,Salinas,Monterey
Public,54513,ALLIANCE TED K TAJIMA HIGH SCH,Los Angeles,Los Angeles
Public,53258,MIDDLE COLLEGE HIGH SCHOOL,Santa Ana,Orange
Public,53685,WASCO UNION HIGH SCHOOL,Wasco,Kern
Public,53209,SAN DIEGO BUSINESS LEADERSHIP,San Diego,San Diego
Public,51781,OSCAR DE LA HOYA ANIMO CHARTER,Los Angeles,Los Angeles
Public,52503,GANESHA HIGH SCHOOL,Pomona,Los Angeles
Public,54728,VALOR ACADEMY HIGH SCHOOL,North Hills,Los Angeles
Public,54527,ALLIANCE TENNENBAUM FAMILY TECH HS,Los Angeles,Los Angeles
Public,53904,VIEW PARK PREP ACCEL CHARTER HS,Los Angeles,Los Angeles
Public,54081,PANORAMA HIGH SCHOOL,Panorama City,Los Angeles
Public,52948,ARROYO VALLEY HIGH SCHOOL,San Bernardino,San Bernardino
Public,52029,MONTEBELLO HIGH SCHOOL,Montebello,Los Angeles
Public,54719,COBALT INSTITUTE MATH/SCIENCE,Victorville,San Bernardino
Public,50810,CENTRAL UNION HIGH SCHOOL,El Centro,Imperial
Public,54772,ALLIANCE MARGARET M BLOOMFIELD,Huntington Park,Los Angeles
Public,51305,KING CITY JOINT UNION HS,King City,Monterey
Public,53467,JOHN H FRANCIS POLYTECHNIC HS,Sun Valley,Los Angeles
Public,54118,ALLIANCE COLLINS FAMILY COLRDY,Huntington Park,Los Angeles
Public,51700,MANUAL ARTS SENIOR HIGH SCHOOL,Los Angeles,Los Angeles
Public,53242,SADDLEBACK HIGH SCHOOL,Santa Ana,Orange
Public,53305,SANTA MARIA HIGH SCHOOL,Santa Maria,Santa Barbara
Public,51952,MENDOTA HIGH SCHOOL,Mendota,Fresno
Public,50945,FONTANA HIGH SCHOOL,Fontana,San Bernardino
Public,50190,GLADSTONE HIGH SCHOOL,Covina,Los Angeles
Public,54630,CRAWFORD HIGH SCHOOL,San Diego,San Diego
Public,53420,EDISON SENIOR HIGH SCHOOL,Stockton,San Joaquin
Public,51230,HUNTINGTON PARK HIGH SCHOOL,Huntington Park,Los Angeles
Public,53066,THURGOOD MARSHALL ACADEMIC HS,San Francisco,San Francisco
Public,50348,BLOOMINGTON HIGH SCHOOL,Bloomington,San Bernardino
Public,54225,WEST ADAMS PREPARATORY HS,Los Angeles,Los Angeles
Public,51840,WOODROW WILSON HIGH SCHOOL,Los Angeles,Los Angeles
Public,51255,ANIMO INGLEWOOD CHARTER HS,Inglewood,Los Angeles
Public,52722,FLORIN HIGH SCHOOL,Sacramento,Sacramento
Public,52736,VALLEY HIGH SCHOOL,Sacramento,Sacramento
Public,52440,PERRIS HIGH,Perris,Riverside
Public,54735,ASPIRE OLLIN UNIV PREP ACDMY,Huntington Park,Los Angeles
Public,51620,SOUTH REGION HS #2A-PUBLIC SER,Los Angeles,Los Angeles
Public,52390,JOHN MUIR HIGH SCHOOL,Pasadena,Los Angeles
Public,54624,STEM ACADEMY OF HOLLYWOOD,Hollywood,Los Angeles
Public,52790,PACIFIC HIGH SCHOOL,San Bernardino,San Bernardino
Public,50068,ARLETA HIGH SCHOOL,Arleta,Los Angeles
Public,53615,BIRMINGHAM COMMUNITY HS,Lake Balboa,Los Angeles
Public,52131,FOOTHILL HIGH SCHOOL,Sacramento,Sacramento
Public,50238,BASSETT HIGH SCHOOL,La Puente,Los Angeles
Public,53974,SANTEE EDUCATION COMPLEX,Los Angeles,Los Angeles
Public,51779,ALLIANCE DR OLGA MOHAN HIGH SC,Los Angeles,Los Angeles
Public,50652,DOMINGUEZ SENIOR HIGH SCHOOL,Compton,Los Angeles
Public,51804,ALLIANCE CINDY/BILL SIMON TECH,Los Angeles,Los Angeles
Public,50651,COMPTON SENIOR HIGH SCHOOL,Compton,Los Angeles
Public,51575,DAVID STARR JORDAN HS,Los Angeles,Los Angeles
Public,50640,COLTON HIGH SCHOOL,Colton,San Bernardino
Public,54636,ALLIANCE SMIDT TECHNOLOGY HIGH,Los Angeles,Los Angeles
Public,51598,ALLIANCE OUCHI-O'DONOVAN 6-12,Los Angeles,Los Angeles
Public,54865,COMPTON EARLY COLLEGE,Compton,Los Angeles
Public,54218,ALLIANCE PATTI & PETER ACADEMY,Los Angeles,Los Angeles
Public,51145,HAWTHORNE HIGH SCHOOL,Hawthorne,Los Angeles
Public,51728,WALLIS ANNENBERG HIGH SCHOOL,Los Angeles,Los Angeles
Public,52636,RICHMOND HIGH SCHOOL,Richmond,Contra Costa
Public,54259,ANIMO RALPH BUNCHE CHARTER HS,Los Angeles,Los Angeles
Public,54069,ANIMO VENICE CHARTER HS,Venice,Los Angeles
Public,54088,ALLIANCE JUDY BURTON TECH ACAD,Los Angeles,Los Angeles
Public,51663,ALLIANCE RENEE & MEYER LUSKIN,Los Angeles,Los Angeles
Public,54243,SCHOOL VISUAL ARTS HUMANITIES,Los Angeles,Los Angeles
Public,54695,SCH SOCIAL JUSTICE-CONT LEARN CTR,Los Angeles,Los Angeles
Public,54346,ALLIANCE MORGAN MCKINZIE HS,Los Angeles,Los Angeles
Public,51805,THEODORE ROOSEVELT SENIOR HS,Los Angeles,Los Angeles
Public,53998,MAYWOOD ACADEMY HIGH SCHOOL,Maywood,Los Angeles
Public,54361,ALLIANCE PIERA BARBAGLIA HSA,Los Angeles,Los Angeles
Public,51569,CRENSHAW HIGH SCHOOL,Los Angeles,Los Angeles
Public,54452,EAST LA PERFORMING ARTS MAGNET,Los Angeles,Los Angeles
Public,54367,ALAIN LEROY LOCKE COLLEGE PREP,Los Angeles,Los Angeles
Public,54632,CRITICAL DESIGN AND GAMING SCH,Los Angeles,Los Angeles
Public,53975,ANIMO S LOS ANGELES CHARTER HS,Los Angeles,Los Angeles
Public,51260,INGLEWOOD HIGH SCHOOL,Inglewood,Los Angeles
Public,54254,ACADEMIC LEADERSHIP COMMUNITY,Los Angeles,Los Angeles
Public,54439,ACADEMY-SAN FRAN @ MCATEER,San Francisco,San Francisco
Public,50011,ALAMEDA COMMUNITY LEARNING CTR,Alameda,Alameda
Public,50029,ALAMEDA SCIENCE & TECHLGY INST,Alameda,Alameda
Public,51915,ALHAMBRA HIGH SCHOOL,Martinez,Contra Costa
Public,53843,ASPIRE BENJAMIN HOLT COLG PREP,Stockton,San Joaquin
Public,54777,BAYFRONT CHARTER HIGH SCHOOL,Chula Vista,San Diego
Public,53436,BEAR CREEK HIGH SCHOOL,Stockton,San Joaquin
Public,50330,BIG BEAR HIGH SCHOOL,Big Bear Lake,San Bernardino
Public,50345,BISHOP UNION HIGH SCHOOL,Bishop,Inyo
Public,52152,BLUE RIDGE ACADEMY,Maricopa,Kern
Public,54793,BONSALL HIGH SCHOOL,Bonsall,San Diego
Public,51668,BRIO COLLEGE PREP,Los Angeles,Los Angeles
Public,50057,BURBANK INDEPENDENT LEARNING,Burbank,Los Angeles
Public,54521,CALIFORNIA PREPARATORY ACADEMY,San Juan Capistrano,Orange
Public,50435,CALISTOGA HIGH SCHOOL,Calistoga,Napa
Public,53341,CANYON HIGH SCHOOL,Canyon Country,Los Angeles
Public,52141,CENTER HIGH SCHOOL,Antelope,Sacramento
Public,50520,CENTRAL VALLEY HIGH SCHOOL,Shasta Lake,Shasta
Public,52483,CHARTER COMMUNITY SCHOOL,Placerville,El Dorado
Public,54046,CHARTER HS ARTS MEDIA PERFORM,Van Nuys,Los Angeles
Public,50545,CHICO SENIOR HIGH SCHOOL,Chico,Butte
Public,50555,CHINO HIGH SCHOOL,Chino,San Bernardino
Public,50610,CLOVERDALE HIGH SCHOOL,Cloverdale,Sonoma
Public,50606,CLOVIS ONLINE SCHOOL,Clovis,Fresno
Public,54412,COLISEUM COLLEGE PREP ACADEMY,Oakland,Alameda
Public,54502,CREDO HIGH SCHOOL,Rohnert Park,Sonoma
Public,50605,DELTA HIGH SCHOOL,Clarksburg,Yolo
Public,54544,DIEGO RIVERA COMM/TECH SCHOOL,Los Angeles,Los Angeles
Public,50755,DIXON HIGH SCHOOL,Dixon,Solano
Public,54547,DR MAYA ANGELOU COMMUNITY HS,Los Angeles,Los Angeles
Public,52710,EL CAMINO FUNDAMENTAL HS,Sacramento,Sacramento
Public,52485,EL DORADO HIGH SCHOOL,Placerville,El Dorado
Public,54441,ENGINEERING & TECH ACAD AT THS,Los Angeles,Los Angeles
Public,52580,ENTERPRISE HIGH SCHOOL,Redding,Shasta
Public,53686,EXCELSIOR CHARTER SCHOOLS,Victorville,San Bernardino
Public,50924,FARMERSVILLE HIGH SCHOOL,Farmersville,Tulare
Public,50935,FILLMORE HIGH SCHOOL,Fillmore,Ventura
Public,52581,FOOTHILL HIGH SCHOOL,Palo Cedro,Shasta
Public,51986,FRED C BEYER HIGH SCHOOL,Modesto,Stanislaus
Public,53662,GOLDEN WEST HIGH SCHOOL,Visalia,Tulare
Public,52928,GROVE HIGH SCHOOL,Redlands,San Bernardino
Public,53984,HEALTH PROFESSIONS HIGH SCH,Sacramento,Sacramento
Public,51873,HEARTLAND CHARTER SCHOOL,Bakersfield,Kern
Public,54219,HIGH TECH HIGH-NORTH COUNTY,San Marcos,San Diego
Public,51175,HILMAR HIGH SCHOOL,Hilmar,Merced
Public,50966,JOHN F KENNEDY HIGH SCHOOL,Fremont,Alameda
Public,53644,JOHN H PITMAN HIGH SCHOOL,Turlock,Stanislaus
Public,54856,JOHN HENRY HIGH SCHOOL,Richmond,Contra Costa
Public,52960,JOHN O'CONNELL HIGH SCHOOL,San Francisco,San Francisco
Public,53216,KEARNY DIGITAL MEDIA & DESIGN,San Diego,San Diego
Public,53217,KEARNY ENG INNOV & DESIGN,San Diego,San Diego
Public,54507,KING CHAVEZ COMMUNITY HIGH SCH,San Diego,San Diego
Public,54889,KIT CARSON INTERNATIONAL ACDMY,Sacramento,Sacramento
Public,54267,LATHROP HIGH SCHOOL,Lathrop,San Joaquin
Public,51935,LEGACY COLLEGE PREP,Santa Ana,Orange
Public,52060,LIVE OAK HIGH SCHOOL,Morgan Hill,Santa Clara
Public,51455,LOMPOC HIGH SCHOOL,Lompoc,Santa Barbara
Public,51870,LOWER LAKE HIGH SCHOOL,Lower Lake,Lake
Public,51892,MAMMOTH HIGH SCHOOL,Mammoth Lakes,Mono
Public,51938,MARINA HIGH SCHOOL,Marina,Monterey
Public,53532,MERRILL F WEST HIGH SCHOOL,Tracy,San Joaquin
Public,54627,MERVYN M DYMALLY HIGH SCHOOL,Los Angeles,Los Angeles
Public,53009,METWEST HIGH SCHOOL,Oakland,Alameda
Public,54248,MISSION OAK HIGH SCHOOL,Tulare,Tulare
Public,52260,NORDHOFF HIGH SCHOOL,Ojai,Ventura
Public,52175,OAKDALE HIGH SCHOOL,Oakdale,Stanislaus
Public,54111,OCEAN GROVE CHARTER SCHOOL,Placerville,El Dorado
Public,51518,OPPORTUNITIES LRN-BALDWIN PARK,Irwindale,Los Angeles
Public,53976,ORANGE COVE HIGH SCHOOL,Orange Cove,Fresno
Public,54287,ORCUTT ACADEMY HIGH SCHOOL,Orcutt,Santa Barbara
Public,52295,OROVILLE HIGH SCHOOL,Oroville,Butte
Public,52310,PACIFIC GROVE HIGH SCHOOL,Pacific Grove,Monterey
Public,50175,PLACER HIGH SCHOOL,Auburn,Placer
Public,53931,POLARIS HIGH SCHOOL,Anaheim,Orange
Public,51548,PUC CALIFORNIA ACDMY LIB STUDY,Lakeview Terrace,Los Angeles
Public,54666,REEDLEY MIDDLE COLLEGE HS,Reedley,Fresno
Public,51501,RENAISSANCE HIGH SCHOOL ARTS,Long Beach,Los Angeles
Public,52650,RIPON HIGH SCHOOL,Ripon,San Joaquin
Public,52660,RIVERDALE HIGH SCHOOL,Riverdale,Fresno
Public,54407,RIVERSIDE VIRTUAL SCHOOL,Riverside,Riverside
Public,53379,ROYAL HIGH SCHOOL,Simi Valley,Ventura
Public,54751,SAMUELI ACADEMY,Santa Ana,Orange
Public,53909,SAN DIEGO MET,San Diego,San Diego
Public,50514,SANTA CLARITA VALLEY INTL CHARTER,Castaic,Los Angeles
Public,53372,SANTA SUSANA HIGH SCHOOL,Simi Valley,Ventura
Public,54600,SCHL ENTREPRENEURSHIP & TECH,San Diego,San Diego
Public,52355,SONIA SOTOMAYOR ARTS SCI ACAD,Los Angeles,Los Angeles
Public,54787,SUN VALLEY MAGNET SCHOOL,Sun Valley,Los Angeles
Public,50412,SWEETWATER SECONDARY SCHOOL,Chula Vista,San Diego
Public,54770,TEACH TECH CHARTER HIGH SCHOOL,Los Angeles,Los Angeles
Public,53500,TEMPLETON HIGH SCHOOL,Templeton,San Luis Obispo
Public,51815,THOMAS JEFFERSON HIGH SCHOOL,Los Angeles,Los Angeles
Public,53565,TURLOCK HIGH SCHOOL,Turlock,Stanislaus
Public,53575,TWENTYNINE PALMS HIGH SCHOOL,Twentynine Palms,San Bernardino
Public,50819,UNION MINE HIGH SCHOOL,El Dorado,El Dorado
Public,54245,UNIVERSITY PREP ACADEMY,San Jose,Santa Clara
Public,54642,VAPA LEGACY HIGH SCHOOL CMPLX,South Gate,Los Angeles
Public,52537,VILLAGE ACADEMY HIGH SCHOOL,Pomona,Los Angeles
Public,50688,WEST VALLEY HIGH SCHOOL,Cottonwood,Shasta
Public,53750,WHEATLAND HIGH SCHOOL,Wheatland,Yuba
Public,53780,WILLOWS HIGH SCHOOL,Willows,Glenn
Private,54175,AL ARQAM COLL PREPARATORY SCH,Sacramento,Sacramento
Private,53989,ALSION MONTESSORI MIDDLE/HIGH,Fremont,Alameda
Private,53985,BAY SCHOOL OF SAN FRANCISCO,San Francisco,San Francisco
Private,53683,BEREAN CHRISTIAN HIGH SCHOOL,Walnut Creek,Contra Costa
Private,53245,BISHOP GARCIA DIEGO HIGH SCH,Santa Barbara,Santa Barbara
Private,53877,BRADSHAW CHRISTIAN SCHOOL,Sacramento,Sacramento
Private,53251,CALVARY CHAPEL HIGH SCHOOL,Santa Ana,Orange
Private,53840,CALVARY CHRISTIAN ACADEMY,Chula Vista,San Diego
Private,53326,CARDINAL NEWMAN HIGH SCHOOL,Santa Rosa,Sonoma
Private,51560,CATHEDRAL HIGH SCHOOL,Los Angeles,Los Angeles
Private,50662,DE LA SALLE HIGH SCHOOL,Concord,Contra Costa
Private,51584,EXCELSIOR SCHOOL,Arcadia,Los Angeles
Private,50978,FREMONT CHRISTIAN HIGH SCHOOL,Fremont,Alameda
Private,53290,GEORGIANA BRUCE KIRBY PREP SCH,Santa Cruz,Santa Cruz
Private,51694,INTERNATIONAL SCHOOL OF LOS ANGELES,Burbank,Los Angeles
Private,50140,LA SIERRA ACADEMY,Riverside,Riverside
Private,51570,LINFIELD CHRISTIAN SCHOOL,Temecula,Riverside
Private,51445,LOMA LINDA ACADEMY,Loma Linda,San Bernardino
Private,53802,LOUISVILLE HIGH SCHOOL,Woodland Hills,Los Angeles
Private,53711,MOUNT MADONNA SCHOOL,Watsonville,Santa Cruz
Private,51512,PINEWOOD SCHOOL,Los Altos Hills,Santa Clara
Private,50499,REDWOOD CHRISTIAN JR-SR HS,San Lorenzo,Alameda
Private,53650,SAINT BONAVENTURE HIGH SCHOOL,Ventura,Ventura
Private,51780,SAINT MARYS ACADEMY,Inglewood,Los Angeles
Private,53039,SAN FRANCISCO UNIVERSITY HS,San Francisco,San Francisco
Private,53061,SAN GABRIEL MISSION HIGH SCH,San Gabriel,Los Angeles
Private,52300,SANTA CLARA HIGH SCHOOL,Oxnard,Ventura
Private,53716,ST FRANCIS HS SALESIAN COL PREP,Watsonville,Santa Cruz
Private,52201,SUGAR BOWL ACADEMY,Norden,Placer
Private,53669,TRI CITY CHRISTIAN SCHOOL,Vista,San Diego
Private,54356,UNITED CHRISTIAN ACADEMY,Rancho Cucamonga,San Bernardino
Private,53048,URBAN SCHOOL OF SAN FRANCISCO,San Francisco,San Francisco
Private,53763,WHITTIER CHRISTIAN HIGH SCHOOL,La Habra,Orange
Private,52053,YORK SCHOOL,Monterey,Monterey